"","sport","year","month","day","timestamp","total_distance_m","minutes_per_mile","total_elapsed_time_s","avg_heart_rate_bpm","steps_per_minute","total_ascent_m","total_descent_m"
"1","cycling",2023,6,24,2023-06-24 17:09:12,8046.72,10.6227340601715,3553.937,121,510,225,213
"2","cycling",2023,6,24,2023-06-24 18:01:54,8046.72,10.2728469942294,3161.872,111,510,187,194
"3","cycling",2023,6,24,2023-06-24 18:52:11,8046.72,10.0571441702036,3016.689,122,510,162,172
"4","cycling",2023,6,24,2023-06-24 18:57:54,928.39,9.4745332044977,327.928,120,510,31,18
"5","cycling",2023,6,24,2023-06-24 19:15:57,1387.66,14.1022100430773,743.851,116,510,17,33
"6","cycling",2023,6,25,2023-06-25 19:00:44,8046.72,9.04329180779939,2901.82,106,510,278,121
"7","cycling",2023,6,25,2023-06-25 19:52:19,8046.72,10.316309039205,3094.582,102,510,191,243
"8","cycling",2023,6,25,2023-06-25 21:14:00,8046.72,16.3352031071456,4900.664,111,510,395,151
"9","cycling",2023,6,25,2023-06-25 22:23:33,8046.72,13.912035011376,4173.644,113,510,195,471
"10","cycling",2023,6,25,2023-06-25 22:51:45,4298.66,10.5392548141191,1688.983,118,510,26,92
"11","cycling",2023,6,30,2023-06-30 02:10:27,8046.72,20.0466393885897,6015.722,109,510,90,73
"12","cycling",2023,6,30,2023-06-30 03:11:58,4382.51,21.7891173858107,3685.67,114,510,41,60
"13","cycling",2023,6,30,2023-06-30 22:54:13,8046.72,16.1289257377829,4838.953,138,510,477,123
"14","cycling",2023,6,30,2023-06-30 23:28:49,6354.7,8.69164079777479,2059.115,120,510,53,407
"15","cycling",2023,7,2,2023-07-02 14:49:27,8046.72,13.3844328851961,4015.781,133,510,452,102
"16","cycling",2023,7,2,2023-07-02 15:21:23,6170.66,8.319604063875,1913.772,123,510,60,411
"17","cycling",2023,7,15,2023-07-15 17:30:25,8046.72,13.1160897319966,3934.67,133,510,135,83
"18","cycling",2023,7,15,2023-07-15 18:14:35,5941.35,11.6416681866029,2578.351,128,510,40,95
"19","cycling",2023,7,22,2023-07-22 17:38:58,5860.09,16.1678140457703,3531.873,130,510,69,46
"20","cycling",2023,7,25,2023-07-25 16:01:18,8046.72,9.82865646827886,2948.508,134,510,226,237
"21","cycling",2023,7,25,2023-07-25 16:48:55,7227.42,10.5975517589621,2855.387,124,510,200,194
"22","cycling",2023,7,26,2023-07-26 17:08:22,8046.72,12.0604332292864,3741.642,133,510,311,193
"23","cycling",2023,7,26,2023-07-26 17:28:01,4235.49,7.45273784438261,1176.849,134,510,75,184
"24","cycling",2023,7,28,2023-07-28 00:45:14,8046.72,12.2030953148012,3661.694,122,510,257,144
"25","cycling",2023,7,28,2023-07-28 01:05:13,4016.7,7.86811484362951,1178.173,138,510,75,184
"26","cycling",2023,7,28,2023-07-28 17:21:49,8046.72,8.48810237402943,2546.603,134,510,220,259
"27","cycling",2023,7,28,2023-07-28 17:48:15,1676.5,10.9078501431204,681.79,142,510,65,24
"28","cycling",2023,7,28,2023-07-28 18:48:00,4157.63,8.77122416675376,1359.699,112,510,39,204
"29","cycling",2023,7,29,2023-07-29 19:11:02,8046.72,9.81427131428211,2943.973,140,510,257,213
"30","cycling",2023,7,29,2023-07-29 19:14:57,1038.77,5.98714363882433,231.89,132,510,2,47
"31","cycling",2023,7,29,2023-07-29 23:06:30,8046.72,9.86480452443288,2959.78,147,510,302,173
"32","cycling",2023,7,29,2023-07-29 23:15:38,2806.11,5.20823368969573,544.916,154,510,18,143
"33","cycling",2023,7,30,2023-07-30 18:59:42,8046.72,10.8857157069533,3361.51,146,510,405,295
"34","cycling",2023,7,30,2023-07-30 19:06:58,1536.02,7.39520361233333,423.457,137,510,2,92
"35","cycling",2023,7,30,2023-07-30 20:11:48,3735.98,4.84071530444559,674.191,121,510,18,199
"36","cycling",2023,8,2,2023-08-02 22:55:47,8046.72,15.4240388165227,4627.588,135,510,166,171
"37","cycling",2023,8,2,2023-08-02 23:03:18,618.38,19.436524276763,448.122,136,510,6,18
"38","running",2023,8,3,2023-08-03 17:24:12,1609.34,9.06468519835519,543.957,123,10,15,21
"39","running",2023,8,3,2023-08-03 17:35:56,1609.34,11.7384698039094,704.268,136,14,31,28
"40","running",2023,8,3,2023-08-03 17:50:06,1609.34,14.1543026395425,849.43,135,6,33,43
"41","running",2023,8,3,2023-08-03 18:09:14,1609.34,19.1315288886826,1147.859,115,6,41,34
"42","running",2023,8,3,2023-08-03 18:24:29,1609.34,15.24866600451,915.119,121,12,42,37
"43","running",2023,8,3,2023-08-03 18:50:56,1609.34,26.4520744595,1587.207,120,6,42,44
"44","running",2023,8,3,2023-08-03 19:04:10,1609.34,13.2390935350114,794.322,132,8,36,38
"45","running",2023,8,3,2023-08-03 19:10:10,1269.63,7.51538344128131,355.696,126,6,23,14
"46","cycling",2023,8,6,2023-08-06 15:01:23,8046.72,11.5216509888028,3456.516,146,510,439,129
"47","cycling",2023,8,6,2023-08-06 15:49:59,8046.72,9.03111229021313,2915.821,147,510,289,410
"48","cycling",2023,8,6,2023-08-06 15:58:13,2240.84,5.88856278856926,491.935,141,510,7,186
"49","cycling",2023,8,12,2023-08-12 14:48:34,8046.72,11.5663663225239,3672.977,150,510,485,70
"50","cycling",2023,8,12,2023-08-12 15:29:16,7977.77,8.10834446854081,2411.644,140,510,93,513
"51","cycling",2023,8,20,2023-08-20 01:17:31,8046.72,10.3322047388032,3100.244,129,510,165,136
"52","cycling",2023,8,20,2023-08-20 02:07:14,6786.28,11.7282044171111,2967.826,123,510,133,154
"53","cycling",2023,9,1,2023-09-01 02:49:31,8046.72,12.049597260527,3882.82,149,510,391,188
"54","cycling",2023,9,1,2023-09-01 02:59:23,2468.86,6.40152828208425,589.195,132,510,0,204
"55","cycling",2023,9,2,2023-09-02 15:11:45,8046.72,13.7621362246963,4129.107,143,510,389,371
"56","cycling",2023,9,2,2023-09-02 15:14:01,556.28,6.31115376516071,130.889,120,510,0,16
"57","cycling",2023,9,9,2023-09-09 15:27:29,7597.1,13.3777573575726,3789.533,130,510,434,70
"58","cycling",2023,9,9,2023-09-09 16:15:42,8046.72,8.98272052978332,2694.959,130,510,113,436
"59","cycling",2023,9,9,2023-09-09 16:23:15,1249.16,9.67270230866679,450.509,132,510,23,69
"60","cycling",2023,9,9,2023-09-09 18:44:54,8046.72,8.44534115300157,2533.425,131,510,284,130
"61","cycling",2023,9,9,2023-09-09 19:53:13,8046.72,13.6639854823907,4099.382,131,510,336,326
"62","cycling",2023,9,9,2023-09-09 20:48:20,8046.72,11.0244157426769,3306.734,133,510,342,222
"63","cycling",2023,9,9,2023-09-09 21:48:45,8046.72,12.087608608352,3625.509,129,510,138,329
"64","cycling",2023,9,9,2023-09-09 22:12:29,6287.04,6.06293026716388,1421.167,129,510,73,160
"65","cycling",2023,9,30,2023-09-30 18:54:38,8046.72,11.6416681866029,3492.57,127,510,277,54
"66","cycling",2023,9,30,2023-09-30 19:47:10,8046.72,10.5062293387908,3151.997,117,510,82,336
"67","cycling",2023,9,30,2023-09-30 20:38:34,8046.72,10.2807219248498,3083.665,142,510,271,88
"68","cycling",2023,9,30,2023-09-30 20:54:03,2316.04,10.7375514419267,927.13,137,510,2,156
"69","cycling",2023,10,15,2023-10-15 18:11:34,8046.72,11.1899889453204,3474.292,146,510,360,306
"70","cycling",2023,10,15,2023-10-15 18:24:55,1696.17,8.96470705278509,566.948,144,510,12,65
"71","cycling",2023,10,29,2023-10-29 18:41:50,8046.72,19.2275293920667,5766.405,124,510,316,338
"72","cycling",2023,10,29,2023-10-29 19:15:48,3852.36,14.1170544747016,2027.771,133,510,49,31
"73","cycling",2023,11,4,2023-11-04 21:15:06,8046.72,18.6137428882255,5584.456,138,510,278,293
"74","cycling",2023,11,4,2023-11-04 21:29:46,2026.11,11.656846371983,880.484,141,510,38,30
"75","running",2024,1,23,2024-01-23 00:59:59,95.95,20.6644094776063,73.941,95,32,0,0
"76","cycling",2024,3,23,2024-03-23 17:16:35,3983.7,19.6213632055106,2913.823,131,510,270,0
"77","cycling",2024,3,25,2024-03-25 22:06:16,8046.72,9.89026677799889,2966.549,128,510,289,131
"78","cycling",2024,3,25,2024-03-25 22:34:01,4531.79,9.29397210739189,1570.125,132,510,92,122
"79","cycling",2024,3,26,2024-03-26 22:34:37,8046.72,11.899912822508,3570.3,128,510,157,141
"80","cycling",2024,3,26,2024-03-26 23:12:12,5123.05,11.743609239025,2243.092,122,510,116,127
"81","cycling",2024,3,27,2024-03-27 15:39:37,8046.72,15.7593440081863,4728.717,117,510,212,187
"82","cycling",2024,3,27,2024-03-27 16:06:33,3716.81,11.2180692187089,1554.408,120,510,81,107
"83","cycling",2024,3,28,2024-03-28 21:33:28,8046.72,14.0873967972337,4226.015,141,510,389,131
"84","cycling",2024,3,28,2024-03-28 22:22:49,7945.39,9.89391497673663,2931.071,148,510,168,298
"85","cycling",2024,3,29,2024-03-29 23:26:24,8046.72,10.703273544267,3210.474,127,510,167,100
"86","cycling",2024,3,29,2024-03-29 23:53:21,5295.56,8.17756204327226,1614.293,133,510,70,117
"87","cycling",2024,6,11,2024-06-11 14:46:15,8046.72,8.99175444248508,2697.466,137,510,235,85
"88","cycling",2024,6,11,2024-06-11 15:24:50,8046.72,7.71867726674331,2315.3,134,510,142,294
"89","cycling",2024,6,11,2024-06-11 15:33:03,2675.72,4.76503881718476,475.31,141,510,26,21
"90","cycling",2024,6,12,2024-06-12 03:39:11,4865.32,12.9015889860188,2340.374,139,510,215,213
"91","cycling",2024,6,17,2024-06-17 19:03:22,8046.72,10.3842057692346,3115.219,148,510,420,9
"92","cycling",2024,6,17,2024-06-17 19:58:20,8046.72,10.1254826356863,3297.451,140,510,170,414
"93","cycling",2024,6,17,2024-06-17 20:09:49,3001.73,5.98848035318888,670.121,140,510,18,159
"94","cycling",2024,6,18,2024-06-18 18:30:19,8046.72,9.83586487052915,2951.187,147,510,393,6
"95","cycling",2024,6,18,2024-06-18 19:32:23,8046.72,12.4177793990431,3724.649,145,510,381,94
"96","cycling",2024,6,18,2024-06-18 20:00:22,5521.94,8.15270623159058,1678.617,134,510,31,375
"97","cycling",2024,6,21,2024-06-21 17:42:50,2814.67,12.1920015917877,1279.341,126,510,65,65
"98","cycling",2024,6,22,2024-06-22 14:45:16,8046.72,13.804633814685,4142.286,153,510,509,68
"99","cycling",2024,6,22,2024-06-22 15:12:22,5505.18,7.91454809735409,1624.404,131,510,11,449
"100","cycling",2024,7,6,2024-07-06 14:36:32,8046.72,12.6045129238407,3781.312,150,510,475,123
"101","cycling",2024,7,6,2024-07-06 15:13:29,7281.58,8.12553877671403,2205.878,140,510,90,438
"102","cycling",2024,7,10,2024-07-10 23:52:31,8046.72,8.44002627499465,2531.821,148,510,132,119
"103","cycling",2024,7,11,2024-07-11 00:12:46,4127.02,7.44239830797253,1145.206,148,510,43,63
"104","cycling",2024,7,12,2024-07-12 22:42:26,1689.21,10.0609165423605,633.561,110,510,17,89
"105","cycling",2024,7,12,2024-07-12 23:35:53,8046.72,10.6862165346347,3206.376,133,510,265,182
"106","cycling",2024,7,12,2024-07-12 23:37:02,140.78,10.8067701458231,56.726,136,510,0,0
"107","cycling",2024,7,14,2024-07-14 15:29:05,8046.72,10.9792891944056,3294.107,156,510,476,102
"108","cycling",2024,7,14,2024-07-14 16:03:41,7718.32,7.14501957963053,2056.259,152,510,90,468
"109","cycling",2024,7,16,2024-07-16 23:17:54,8046.72,6.65073233372998,1995.173,144,510,216,251
"110","cycling",2024,7,16,2024-07-16 23:59:40,8046.72,8.35588894141215,2506.796,147,510,228,204
"111","cycling",2024,7,17,2024-07-17 00:01:49,525.44,6.17600817451831,120.983,125,510,4,10
"112","cycling",2024,7,20,2024-07-20 23:18:45,8046.72,8.17008940052787,2450.73,141,510,225,220
"113","cycling",2024,7,20,2024-07-20 23:33:30,4112.77,5.66471034887708,868.59,142,510,29,30
"114","cycling",2024,7,24,2024-07-24 22:50:20,8046.72,7.34860369915973,2204.444,130,510,237,242
"115","cycling",2024,7,24,2024-07-24 23:25:25,8046.72,7.01606160134266,2105.077,144,510,208,204
"116","cycling",2024,7,24,2024-07-24 23:25:53,83.14,8.33770702577961,25.841,113,510,0,5
"117","cycling",2024,7,27,2024-07-27 01:37:31,8046.72,12.1643553296748,3649.459,109,510,67,82
"118","cycling",2024,7,27,2024-07-27 01:50:18,637.8,32.0076414104212,760.793,112,510,10,12
"119","cycling",2024,7,27,2024-07-27 23:28:23,8046.72,12.7120395743758,3813.639,126,510,254,233
"120","cycling",2024,7,28,2024-07-28 00:07:14,7338.18,8.50694687660419,2327.301,122,510,124,137
"121","cycling",2024,7,30,2024-07-30 02:55:04,1571.52,7.68550243608395,450.29,136,510,68,0
"122","cycling",2024,7,30,2024-07-30 03:07:59,2010.57,10.344158697236,775.463,168,510,147,0
"123","cycling",2024,7,30,2024-07-30 03:23:57,2349.48,10.9345305755944,957.646,170,510,166,0
"124","cycling",2024,7,30,2024-07-30 03:46:24,4422.4,8.03787938325832,1325.075,136,510,3,383
"125","cycling",2024,7,30,2024-07-30 18:34:09,4108.13,9.10468550642668,1394.344,118,510,134,96
"126","cycling",2024,7,31,2024-07-31 01:10:10,8046.72,7.16601749984852,2149.904,148,510,192,331
"127","cycling",2024,7,31,2024-07-31 01:15:48,2370.06,3.72740460004628,329.339,126,510,7,85
"128","cycling",2024,7,31,2024-07-31 18:25:38,7690.04,13.2915775529896,3810.848,111,510,120,121
"129","cycling",2024,7,31,2024-07-31 19:03:58,2738.33,10.4407954464511,1065.947,127,510,47,47
"130","cycling",2024,8,1,2024-08-01 14:37:04,8046.72,11.4527769009108,3435.42,157,510,360,342
"131","cycling",2024,8,1,2024-08-01 14:40:52,634.35,4.2427085577243,100.335,135,510,0,14
"132","cycling",2024,8,3,2024-08-03 21:39:45,7846.22,9.22366007631809,2698.562,145,510,243,229
"133","cycling",2024,8,3,2024-08-03 22:28:42,4276.27,13.3113665022,2122.09,119,510,90,92
"134","cycling",2024,8,3,2024-08-03 23:00:40,3678.48,10.2063940266107,1399.703,115,510,53,79
"135","cycling",2024,8,4,2024-08-04 14:38:05,8046.72,12.475536512527,3742.753,139,510,361,320
"136","cycling",2024,8,4,2024-08-04 14:44:03,984,9.7006884274622,355.85,107,510,2,43
"137","cycling",2024,8,5,2024-08-05 14:24:28,8046.72,9.29075285830724,2786.851,139,510,318,190
"138","cycling",2024,8,5,2024-08-05 14:42:43,4272.56,6.79048189922355,1081.61,129,510,52,162
"139","cycling",2024,8,10,2024-08-10 00:26:43,4574.66,14.3052818676976,2439.743,135,510,219,61
"140","cycling",2024,8,10,2024-08-10 01:40:06,8046.72,14.5932554417481,4378.668,137,510,228,258
"141","cycling",2024,8,10,2024-08-10 02:41:21,8046.72,12.253267931445,3675.375,137,510,201,196
"142","cycling",2024,8,10,2024-08-10 03:09:47,4512.91,10.1064067452649,1700.149,141,510,63,185
"143","cycling",2024,8,10,2024-08-10 18:10:33,8046.72,7.58337673224003,2274.924,116,510,277,132
"144","cycling",2024,8,10,2024-08-10 19:11:42,8046.72,12.2309181495363,3668.693,111,510,383,200
"145","cycling",2024,8,10,2024-08-10 20:39:51,8046.72,17.6347163063333,5288.937,108,510,189,382
"146","cycling",2024,8,10,2024-08-10 21:30:21,8046.72,10.102600189052,3030.402,123,510,308,234
"147","cycling",2024,8,10,2024-08-10 22:09:12,8046.72,7.77235685364619,2331.45,123,510,160,349
"148","cycling",2024,8,10,2024-08-10 22:12:02,356.66,12.5396930817826,166.778,106,510,0,16
"149","cycling",2024,8,15,2024-08-15 00:48:46,8046.72,6.66064154505414,1997.946,138,510,224,247
"150","cycling",2024,8,15,2024-08-15 01:07:31,4867.44,6.10432487526923,1107.853,141,510,73,63
"151","cycling",2024,8,16,2024-08-16 21:03:05,8046.72,8.84643914971405,2654.08,124,510,169,63
"152","cycling",2024,8,16,2024-08-16 21:53:30,8046.72,10.0836103390726,3025.178,132,510,213,301
"153","cycling",2024,8,16,2024-08-16 21:56:16,401.3,6.29190792914215,94.126,116,510,0,16
"154","cycling",2024,8,18,2024-08-18 15:06:07,8046.72,13.6779212146522,4104.004,144,510,472,39
"155","cycling",2024,8,18,2024-08-18 16:25:40,8046.72,15.9088988742189,4772.62,131,510,317,502
"156","cycling",2024,8,18,2024-08-18 16:47:55,4068.22,7.20451343054875,1092.633,124,510,15,270
"157","cycling",2024,8,21,2024-08-21 20:30:44,704.47,7.77911934510818,204.322,112,510,12,12
"158","cycling",2024,8,21,2024-08-21 21:41:37,8046.72,14.1692570004929,4251.59,159,510,406,385
"159","cycling",2024,8,21,2024-08-21 21:43:48,198.46,9.78562696166837,72.406,133,510,0,22
"160","cycling",2024,10,6,2024-10-06 17:04:55,8046.72,10.6059325828126,3181.369,151,510,303,174
"161","cycling",2024,10,6,2024-10-06 17:48:08,6449.87,10.6904756882953,2570.481,153,510,180,310
"162","running",2024,10,15,2024-10-15 01:39:02,23.53,33.6542076561267,29.537,170,46,0,0
"163","cycling",2024,11,3,2024-11-03 17:32:28,8046.72,19.408396166377,5825.87,121,510,309,181
"164","cycling",2024,11,3,2024-11-03 17:40:54,982.08,12.7847490476325,468.078,115,510,4,105
"165","cycling",2024,11,29,2024-11-29 21:04:14,8046.72,13.4718249633014,4041.625,117,510,219,184
"166","cycling",2024,11,29,2024-11-29 21:24:21,3509.54,9.07081619950389,1186.771,122,510,61,93
"167","running",2020,4,25,2020-04-25 17:05:52,516.9,28.8412940881,555.737,101,22,0,0
"168","walking",2020,4,26,2020-04-26 01:29:28,1609.34,21.630970566075,1298.112,88,22,2,0
"169","walking",2020,4,26,2020-04-26 02:12:33,1609.34,43.1228352121109,2585.567,74,12,2,0
"170","walking",2020,4,26,2020-04-26 02:26:43,971.43,23.3035651624092,843.946,92,42,0,0
"171","walking",2020,5,17,2020-05-17 19:59:19,1609.34,16.0805776390486,964.61,100,94,8,70
"172","walking",2020,5,17,2020-05-17 20:15:55,1609.34,16.5980219690179,995.604,94,84,0,0
"173","walking",2020,5,17,2020-05-17 20:20:16,280.56,24.6303062460358,257.568,96,60,0,0
"174","walking",2020,5,17,2020-05-17 21:41:44,1112.54,11.9689439990776,496.485,103,46,10,0
"175","walking",2020,5,17,2020-05-17 21:59:26,1609.34,17.6812152286968,1060.574,106,50,2,0
"176","walking",2020,5,17,2020-05-17 22:07:32,752.37,17.1061246823552,479.863,107,78,4,4
"177","running",2020,5,19,2020-05-19 19:54:29,8.28,23.4872184780499,7.25,123,0,0,0
"178","training",2020,5,22,2020-05-22 17:03:33,42949672.95,6.24507747315291e-06,30,59,510,65535,65535
"179","training",2020,5,22,2020-05-22 17:03:36,42949672.95,6.24507747315291e-06,3,59,510,65535,65535
"180","training",2020,5,22,2020-05-22 17:03:39,42949672.95,6.24507747315291e-06,3,58,510,65535,65535
"181","training",2020,5,22,2020-05-22 17:03:42,42949672.95,6.24507747315291e-06,3,57,510,65535,65535
"182","training",2020,5,22,2020-05-22 17:03:42,42949672.95,6.24507747315291e-06,0.142,255,510,65535,65535
"183","training",2020,5,22,2020-05-22 17:03:46,42949672.95,6.24507747315291e-06,3.647,57,510,65535,65535
"184","training",2020,5,22,2020-05-22 17:04:39,42949672.95,6.24507747315291e-06,27.443,64,510,65535,65535
"185","walking",2020,5,25,2020-05-25 17:29:27,1609.34,23.425679914352,1405.45,109,86,100,28
"186","walking",2020,5,25,2020-05-25 17:50:54,1609.34,21.4579228015464,1287.469,96,94,20,5
"187","walking",2020,5,25,2020-05-25 18:17:23,1609.34,26.4781870700227,1588.74,106,72,50,21
"188","walking",2020,5,25,2020-05-25 18:45:39,1336.4,26.3481370352976,1312.638,110,74,46,31
"189","walking",2020,5,25,2020-05-25 20:04:18,1609.34,29.7365892482628,1784.658,110,70,101,26
"190","walking",2020,5,25,2020-05-25 20:36:06,1495.7,32.830359243492,1831.835,135,64,197,14
"191","walking",2020,5,25,2020-05-25 21:31:15,1609.34,24.4506868750529,1467.247,102,88,19,232
"192","walking",2020,5,25,2020-05-25 21:54:27,1609.34,23.2027711954438,1392.376,116,96,17,62
"193","walking",2020,5,25,2020-05-25 22:16:19,1609.34,21.8779800178899,1312.39,116,94,20,21
"194","walking",2020,5,25,2020-05-25 22:45:24,1609.34,29.0915439283438,1744.942,113,72,7,105
"195","walking",2020,5,25,2020-05-25 22:45:30,1.68,61.8027730459286,3.882,105,76,0,0
"196","cycling",2020,6,3,2020-06-03 03:07:32,6758.57,6.83896060732611,1723.239,158,510,0,2
"197","cycling",2020,8,1,2020-08-01 21:22:09,8046.72,9.96374572880126,2988.796,124,510,112,55
"198","cycling",2020,8,1,2020-08-01 22:02:39,8046.72,8.0985517819846,2429.805,125,510,54,112
"199","cycling",2020,8,1,2020-08-01 22:02:51,51.2,1.7265789186954,3.296,97,510,0,0
"200","cycling",2020,8,8,2020-08-08 18:31:47,8046.72,10.0120953721288,3004.053,116,510,131,68
"201","cycling",2020,8,8,2020-08-08 19:27:31,7889.01,11.3606113942961,3342.086,109,510,78,131
"202","cycling",2020,8,16,2020-08-16 17:24:00,8046.72,10.1677041326509,3151.38,126,510,145,109
"203","cycling",2020,8,16,2020-08-16 18:05:31,8046.72,8.30157954253575,2490.407,125,510,53,86
"204","cycling",2020,8,16,2020-08-16 18:08:34,1556.82,3.05947342328425,180.76,94,510,0,8
"205","cycling",2020,8,19,2020-08-19 13:57:59,8046.72,10.8724781118496,3261.759,139,510,416,122
"206","cycling",2020,8,19,2020-08-19 14:43:53,8046.72,9.18260989453372,2754.41,123,510,111,399
"207","cycling",2020,8,19,2020-08-19 15:02:45,3240.71,9.34578519231115,1129.153,129,510,65,66
"208","cycling",2020,8,22,2020-08-22 18:01:58,8046.72,10.6862165346347,3205.613,122,510,114,118
"209","cycling",2020,8,22,2020-08-22 18:25:57,3845.75,9.04329180779939,1394.76,135,510,41,32
"210","cycling",2020,8,26,2020-08-26 14:14:33,8046.72,9.55894636562117,3007.717,127,510,143,137
"211","cycling",2020,8,26,2020-08-26 14:42:24,8046.72,5.5705926276081,1671.075,119,510,63,82
"212","cycling",2020,8,26,2020-08-26 14:42:30,50.55,1.70506665195684,3.213,119,510,5,0
"213","cycling",2020,8,30,2020-08-30 18:26:48,8046.72,14.3358650464634,4809.917,110,510,133,93
"214","cycling",2020,8,30,2020-08-30 18:53:39,5462.88,7.90288848023954,1609.461,112,510,45,64
"215","cycling",2020,9,2,2020-09-02 00:55:23,8046.72,11.723078453642,3517.579,146,510,521,24
"216","cycling",2020,9,2,2020-09-02 02:12:22,8046.72,13.1870223706652,4619.525,127,510,374,133
"217","cycling",2020,9,2,2020-09-02 02:47:11,8046.72,6.96324078451013,2088.828,128,510,11,516
"218","cycling",2020,9,2,2020-09-02 02:59:17,1661.51,11.6771456255694,723.395,108,510,0,158
"219","cycling",2020,9,6,2020-09-06 14:45:16,6359.52,13.9918641115978,3317.436,137,510,519,21
"220","cycling",2020,9,6,2020-09-06 15:25:39,8046.72,7.7678550541364,2330.399,112,510,22,457
"221","cycling",2020,9,6,2020-09-06 16:09:34,7178.26,9.83586487052915,2632.743,131,510,158,180
"222","running",2020,11,3,2020-11-03 00:57:16,128.03,22.0578976167212,105.26,136,44,0,0
"223","running",2020,11,19,2020-11-19 01:02:09,2.55,27.1207315489717,2.578,117,0,0,0
"224","running",2020,11,19,2020-11-19 01:04:53,79.05,32.5514605605983,95.97,139,40,0,2
"225","cycling",2021,7,5,2021-07-05 21:24:38,8046.72,7.94973429221488,2464.715,137,510,148,125
"226","cycling",2021,7,5,2021-07-05 21:51:09,4881.23,7.55773555985714,1467.608,140,510,30,47
"227","cycling",2021,7,8,2021-07-08 03:46:28,8046.72,7.59626267401104,2278.665,138,510,121,125
"228","cycling",2021,7,8,2021-07-08 03:59:13,3151.78,5.98848035318888,703.616,156,510,19,14
"229","cycling",2021,7,10,2021-07-10 14:10:10,8046.72,9.08925906537886,2726.991,129,510,147,77
"230","cycling",2021,7,10,2021-07-10 14:53:48,8046.72,8.72840986070062,2618.121,120,510,74,140
"231","cycling",2021,7,10,2021-07-10 14:53:53,64.36,1.07690221632204,2.584,91,510,0,0
"232","cycling",2021,7,11,2021-07-11 22:19:10,8046.72,9.24273035903963,2772.559,139,510,140,107
"233","cycling",2021,7,11,2021-07-11 23:11:57,8046.72,9.48793898193598,3167.194,133,510,81,132
"234","cycling",2021,7,11,2021-07-11 23:19:28,1819.52,6.61628108089122,448.782,136,510,14,9
"235","cycling",2021,7,13,2021-07-13 14:09:37,8046.72,9.51149060352234,2853.804,124,510,117,121
"236","cycling",2021,7,13,2021-07-13 15:02:59,8046.72,10.6734594118317,3201.811,121,510,95,68
"237","cycling",2021,7,13,2021-07-13 15:08:34,1262.73,7.01422685720005,330.177,116,510,5,25
"238","cycling",2021,7,14,2021-07-14 22:29:02,8046.72,11.6720641870901,3501.098,149,510,506,89
"239","cycling",2021,7,14,2021-07-14 23:05:32,8046.72,7.2986131978049,2189.53,130,510,78,390
"240","cycling",2021,7,14,2021-07-14 23:39:43,5671.3,9.69017467555383,2049.089,141,510,112,171
"241","cycling",2021,7,16,2021-07-16 14:41:18,8046.72,13.1032747933234,3931.449,143,510,493,119
"242","cycling",2021,7,16,2021-07-16 15:26:27,8046.72,9.03111229021313,2709.196,120,510,77,449
"243","cycling",2021,7,16,2021-07-16 15:29:06,620.54,6.78018288724292,156.872,126,510,9,12
"244","cycling",2021,8,2,2021-08-02 17:32:19,8046.72,10.5683228928026,3170.176,139,510,334,18
"245","cycling",2021,8,2,2021-08-02 18:20:47,8046.72,9.69367672639429,2908.112,136,510,173,337
"246","cycling",2021,8,2,2021-08-02 18:33:00,2667.96,7.34860369915973,730.888,116,510,0,144
"247","cycling",2021,8,3,2021-08-03 17:18:38,8046.72,10.1407952748329,3214.443,142,510,305,28
"248","cycling",2021,8,3,2021-08-03 18:04:04,8046.72,9.08618004808028,2725.777,121,510,64,437
"249","cycling",2021,8,3,2021-08-03 18:21:32,2828.88,9.9195279223125,1046.031,145,510,111,11
"250","cycling",2021,8,4,2021-08-04 15:47:04,8046.72,11.9689439990776,3736.01,147,510,471,226
"251","cycling",2021,8,4,2021-08-04 16:07:23,2884.36,11.3174698320392,1216.805,114,510,0,278
"252","cycling",2021,8,5,2021-08-05 23:28:30,8046.72,9.62411320485576,2887.554,132,510,283,291
"253","cycling",2021,8,6,2021-08-06 00:35:32,8046.72,13.4044995012159,4021.927,121,510,254,202
"254","cycling",2021,8,6,2021-08-06 00:50:33,1791.1,13.4650619989623,899.036,118,510,38,36
"255","cycling",2021,8,6,2021-08-06 15:45:20,8046.72,11.34139682957,3402.968,142,510,428,330
"256","cycling",2021,8,6,2021-08-06 15:52:35,1259.77,6.60975936469517,310.432,113,510,0,61
"257","cycling",2021,8,8,2021-08-08 14:58:53,8046.72,14.1842429941475,4255.503,132,510,505,125
"258","cycling",2021,8,8,2021-08-08 16:00:33,7775.71,12.7543525924551,3697.423,113,510,79,464
"259","cycling",2021,8,13,2021-08-13 14:30:04,8046.72,8.80000114892815,2639.616,133,510,111,108
"260","cycling",2021,8,13,2021-08-13 14:45:32,3557.37,6.83025299259817,905.805,142,510,11,16
"261","cycling",2021,8,14,2021-08-14 16:39:26,8046.72,14.9678590970608,4490.815,121,510,159,111
"262","cycling",2021,8,14,2021-08-14 16:54:52,1854.91,13.3511217033016,923.091,117,510,12,39
"263","cycling",2021,8,15,2021-08-15 03:09:53,8046.72,10.0571441702036,3219.017,128,510,127,116
"264","cycling",2021,8,15,2021-08-15 03:33:29,3974.13,9.54194361505977,1414.007,134,510,66,80
"265","cycling",2021,8,18,2021-08-18 00:44:31,8046.72,5.33354613281627,1631.827,128,510,95,116
"266","cycling",2021,8,18,2021-08-18 01:14:34,8046.72,6.00860293502083,1802.701,135,510,66,87
"267","cycling",2021,8,18,2021-08-18 01:28:22,3160.35,7.0014104677455,824.97,121,510,59,42
"268","cycling",2021,8,18,2021-08-18 15:57:09,8046.72,11.8840954815831,3787.755,155,510,508,65
"269","cycling",2021,8,18,2021-08-18 16:38:44,8046.72,8.3144462188261,2494.657,127,510,77,488
"270","cycling",2021,8,18,2021-08-18 16:46:23,1752.25,6.99046221056372,456.617,144,510,18,45
"271","cycling",2021,8,20,2021-08-20 00:43:17,8046.72,7.90988012442731,2373.225,133,510,240,260
"272","cycling",2021,8,20,2021-08-20 01:05:01,1338.62,12.6045129238407,629.145,134,510,35,76
"273","cycling",2021,8,20,2021-08-20 01:23:21,4820.68,6.02344565504896,1086.918,124,510,73,30
"274","cycling",2021,8,21,2021-08-21 00:18:15,8046.72,7.74095339161126,2794.7,128,510,119,123
"275","cycling",2021,8,21,2021-08-21 00:59:49,7292.58,8.70009844370191,2365.104,121,510,81,103
"276","cycling",2021,8,21,2021-08-21 19:31:11,8046.72,10.3282262233088,3189.074,153,510,575,102
"277","cycling",2021,8,21,2021-08-21 20:07:04,8046.72,7.17752301362938,2153.173,139,510,208,402
"278","cycling",2021,8,21,2021-08-21 20:39:13,5932.31,8.71140094249204,1926.673,136,510,80,274
"279","cycling",2021,8,22,2021-08-22 20:52:25,8046.72,10.7590868439362,3484.913,125,510,255,196
"280","cycling",2021,8,22,2021-08-22 21:17:58,4337.83,9.46450370569266,1530.795,112,510,62,169
"281","cycling",2021,8,24,2021-08-24 00:49:54,8046.72,6.48824467874528,1946.438,116,510,85,83
"282","cycling",2021,8,24,2021-08-24 01:08:15,3960.94,7.43620834542085,1098.082,116,510,46,52
"283","cycling",2021,8,25,2021-08-25 01:01:36,8046.72,9.8106816027553,3049.4,163,510,504,115
"284","cycling",2021,8,25,2021-08-25 01:19:03,5289.23,5.26859232015969,1039.029,121,510,16,369
"285","cycling",2021,8,27,2021-08-27 03:19:01,6919.77,12.8152907319317,3306.683,142,510,115,183
"286","cycling",2021,8,28,2021-08-28 16:56:47,8046.72,15.6947943252972,4709.399,121,510,271,142
"287","cycling",2021,8,28,2021-08-28 17:26:45,4888.7,9.85393221966679,1795.821,111,510,29,172
"288","cycling",2021,8,28,2021-08-28 18:58:52,8046.72,13.8473946834966,4191.691,127,510,315,24
"289","cycling",2021,8,28,2021-08-28 19:08:45,655.46,20.0916880164292,490.802,154,510,58,5
"290","cycling",2021,8,28,2021-08-28 20:09:05,8046.72,11.2557295434045,3376.622,130,510,204,341
"291","cycling",2021,8,28,2021-08-28 21:27:44,7826.68,16.1678140457703,4716.617,127,510,178,344
"292","cycling",2021,8,28,2021-08-28 22:47:05,8046.72,13.9554648813387,4186.834,129,510,259,201
"293","cycling",2021,8,28,2021-08-28 23:26:07,7548.14,8.31186969381252,2339.343,129,510,72,179
"294","cycling",2021,8,29,2021-08-29 19:26:03,8046.72,11.06991477587,3320.522,128,510,237,138
"295","cycling",2021,8,29,2021-08-29 19:36:41,2161.15,7.87273363719783,634.322,107,510,27,122
"296","cycling",2021,8,31,2021-08-31 01:16:52,8046.72,7.61351220605535,2283.893,128,510,310,312
"297","cycling",2021,8,31,2021-08-31 01:29:34,2850.92,7.14882822546189,759.746,135,510,104,103
"298","cycling",2021,8,31,2021-08-31 23:17:14,8046.72,6.32007622571466,1956.408,114,510,107,87
"299","cycling",2021,8,31,2021-08-31 23:43:17,6054.84,6.20601654371425,1554.947,125,510,72,74
"300","cycling",2021,9,2,2021-09-02 18:31:37,3629.23,23.1827169420337,3136.288,109,510,118,80
"301","cycling",2021,9,2,2021-09-02 22:12:39,5472.26,15.9847458295191,3450.377,146,510,494,0
"302","cycling",2021,9,2,2021-09-02 22:57:59,6325.89,10.9658231814935,2586.525,125,510,61,579
"303","cycling",2021,9,3,2021-09-03 18:53:28,5574.62,21.1867326239597,4403.369,100,510,51,189
"304","cycling",2021,9,3,2021-09-03 23:09:05,8046.72,18.0500696513681,5744.42,132,510,411,378
"305","cycling",2021,9,3,2021-09-03 23:54:49,4302.77,17.0843334407217,2741.02,128,510,182,178
"306","cycling",2021,9,4,2021-09-04 15:29:31,8046.72,12.7543525924551,4149.873,132,510,318,390
"307","cycling",2021,9,4,2021-09-04 15:40:55,2845.73,6.42760687800935,681.912,123,510,13,173
"308","cycling",2021,9,6,2021-09-06 01:47:32,8046.72,11.6013855977219,3480.66,128,510,260,154
"309","cycling",2021,9,6,2021-09-06 01:58:15,2926.72,5.86795088644345,640.27,120,510,10,93
"310","cycling",2021,9,8,2021-09-08 00:27:29,8046.72,6.15899047116716,1949.884,107,510,110,115
"311","cycling",2021,9,8,2021-09-08 00:31:32,886.54,7.14311677814461,236.093,120,510,7,9
"312","floor_climbing",2021,9,9,2021-09-09 00:57:44,0,Inf,1670.757,85,510,0,0
"313","fitness_equipment",2021,9,10,2021-09-10 00:24:04,0,Inf,2104.368,161,110,65535,65535
"314","cycling",2021,9,11,2021-09-11 18:06:29,8046.72,7.4693409919056,2332.001,145,510,111,147
"315","cycling",2021,9,11,2021-09-11 19:11:46,8046.72,12.7604203149063,3916.492,141,510,63,70
"316","cycling",2021,9,11,2021-09-11 19:14:08,500.16,6.97047908054392,129.969,119,510,0,2
"317","cycling",2021,9,12,2021-09-12 14:49:23,6609.85,13.5740908410592,3345.54,154,510,503,16
"318","cycling",2021,9,12,2021-09-12 15:58:13,8046.72,10.4407954464511,3132.358,131,510,197,414
"319","cycling",2021,9,12,2021-09-12 16:11:08,2314.66,8.95273815151302,772.689,121,510,43,65
"320","cycling",2021,9,16,2021-09-16 22:43:40,8046.72,9.51824112914585,2855.852,143,510,328,301
"321","cycling",2021,9,16,2021-09-16 23:03:45,3839.78,8.4030086158938,1202.862,126,510,65,72
"322","fitness_equipment",2021,9,17,2021-09-17 23:43:07,0,Inf,2101.48,161,114,65535,65535
"323","cycling",2021,9,18,2021-09-18 18:59:46,8046.72,9.92319774396338,3086.3,145,510,120,131
"324","cycling",2021,9,18,2021-09-18 19:30:48,6020.06,8.28107548685798,1858.808,149,510,61,78
"325","cycling",2021,9,19,2021-09-19 17:52:49,8046.72,5.63140951121835,1689.582,137,510,123,103
"326","cycling",2021,9,19,2021-09-19 18:18:03,8046.72,4.60945239765131,1514.653,144,510,23,26
"327","cycling",2021,9,19,2021-09-19 18:28:07,2651.61,5.63732734382787,557.297,135,510,39,43
"328","cycling",2021,9,21,2021-09-21 00:07:35,7309.79,6.33949503709123,1727.735,129,510,159,251
"329","cycling",2021,9,21,2021-09-21 00:18:12,2140.75,7.98523474305835,637.27,155,510,100,95
"330","cycling",2021,9,21,2021-09-21 00:28:55,2123.97,8.10589407734452,641.889,159,510,95,101
"331","cycling",2021,9,21,2021-09-21 01:00:50,5785.93,8.40564196237324,1912.086,150,510,200,105
"332","fitness_equipment",2021,9,22,2021-09-22 00:28:36,0,Inf,2102.981,146,116,65535,65535
"333","fitness_equipment",2021,9,23,2021-09-23 00:40:51,0,Inf,1918.936,154,120,65535,65535
"334","cycling",2021,10,2,2021-10-02 21:35:28,3110.2,6.22329547608654,1030.531,102,510,4,20
"335","cycling",2021,10,2,2021-10-02 21:52:01,8046.72,3.02633459347095,993.111,154,510,10,7
"336","cycling",2021,10,2,2021-10-02 22:06:25,8046.72,2.88134101428005,864.375,174,510,12,6
"337","cycling",2021,10,2,2021-10-02 22:26:46,8046.72,3.60128940681163,1220.355,136,510,7,10
"338","cycling",2021,10,2,2021-10-02 22:45:24,8046.72,3.6217125981546,1118.012,127,510,0,0
"339","cycling",2021,10,2,2021-10-02 23:05:45,8046.72,4.07140308165346,1221.4,127,510,14,12
"340","cycling",2021,10,2,2021-10-02 23:31:28,7996.67,4.52088378593174,1347.915,123,510,7,7
"341","cycling",2021,10,3,2021-10-03 18:40:24,8046.72,8.13293010974318,2768.498,145,510,305,166
"342","cycling",2021,10,3,2021-10-03 19:20:20,8046.72,7.60703445885791,2395.752,140,510,166,199
"343","cycling",2021,10,3,2021-10-03 19:24:05,786.22,6.5644648805514,192.401,127,510,0,41
"344","cycling",2021,10,9,2021-10-09 19:00:00,4538.52,5.66710405703212,1086.375,112,510,16,61
"345","cycling",2021,10,9,2021-10-09 19:14:21,8046.72,2.8730080871822,861.92,168,510,3,2
"346","cycling",2021,10,9,2021-10-09 19:16:15,843.97,3.59501454254564,113.121,154,510,2,0
"347","cycling",2021,10,9,2021-10-09 19:27:38,6156.71,2.97795087175897,683.528,178,510,11,7
"348","cycling",2021,10,9,2021-10-09 19:42:27,4549.21,3.85158005484391,889.202,141,510,5,7
"349","cycling",2021,10,9,2021-10-09 19:48:31,3266.11,2.98524245987012,363.492,173,510,3,7
"350","cycling",2021,10,9,2021-10-09 20:08:34,8046.72,4.009927268939,1202.999,138,510,12,12
"351","cycling",2021,10,9,2021-10-09 20:23:56,4641.89,5.30716333635398,918.506,111,510,10,11
"352","swimming",2021,10,11,2021-10-11 00:08:04,891.54,29.7695932318901,1039.407,129,56,65535,65535
"353","swimming",2021,10,11,2021-10-11 00:08:42,0,Inf,3.312,132,0,65535,65535
"354","swimming",2021,10,11,2021-10-11 00:09:02,0,Inf,17.581,117,0,65535,65535
"355","swimming",2021,10,11,2021-10-11 00:19:16,502.92,32.5120042447673,609.267,138,54,65535,65535
"356","swimming",2021,10,16,2021-10-16 23:43:29,457.2,30.2735931173059,539.239,129,54,65535,65535
"357","swimming",2021,10,17,2021-10-17 00:02:10,960.12,29.9691659239475,1073.015,145,54,65535,65535
"358","swimming",2021,10,17,2021-10-17 00:13:01,480.06,32.1226389244707,574.654,149,52,65535,65535
"359","cycling",2021,10,24,2021-10-24 00:59:02,0,Inf,1933.891,106,510,65535,65535
"360","cycling",2021,10,24,2021-10-24 22:54:39,0,Inf,2169.749,98,510,65535,65535
"361","cycling",2021,11,7,2021-11-07 01:15:25,0,Inf,1521.908,138,510,65535,65535
"362","cycling",2021,11,7,2021-11-07 23:37:57,0,Inf,3125.412,117,510,65535,65535
"363","cycling",2021,11,13,2021-11-13 23:38:53,0,Inf,1944.073,119,510,65535,65535
"364","cycling",2021,11,14,2021-11-14 23:16:50,0,Inf,2441.609,107,510,65535,65535
"365","cycling",2021,11,20,2021-11-20 23:08:59,0,Inf,1847.724,118,510,65535,65535
"366","cycling",2022,3,20,2022-03-20 21:30:04,5000,14.8847966159451,3114.678,136,510,339,31
"367","cycling",2022,3,20,2022-03-20 22:07:07,4619.05,11.2841411451127,2222.401,138,510,187,168
"368","cycling",2022,3,27,2022-03-27 01:19:41,5000,13.7762729850709,2567.395,147,510,356,10
"369","cycling",2022,3,27,2022-03-27 02:06:54,5000,13.1225066056424,2832.944,143,510,200,273
"370","cycling",2022,3,27,2022-03-27 02:19:30,1391.32,14.5221459133368,753.094,130,510,0,260
"371","cycling",2022,7,2,2022-07-02 14:34:51,5000,13.4989448927695,2516.49,143,510,356,13
"372","cycling",2022,7,2,2022-07-02 15:05:45,1781.81,14.2520741243002,946.657,154,510,140,8
"373","cycling",2022,7,4,2022-07-04 18:24:28,5000,14.5694750146295,2716.54,119,510,97,79
"374","cycling",2022,7,4,2022-07-04 19:01:25,5000,11.8946356993051,2217.103,119,510,58,59
"375","cycling",2022,7,4,2022-07-04 19:11:19,1163.72,13.5809637984471,589.324,110,510,0,13
"376","cycling",2022,7,8,2022-07-08 20:31:57,5000,13.1482370107515,2450.765,129,510,180,216
"377","cycling",2022,7,8,2022-07-08 21:04:05,4332.87,11.9157723242705,1925.08,106,510,9,184
"378","cycling",2022,7,9,2022-07-09 22:26:29,5000,9.09850865058786,1696.01,117,510,256,239
"379","cycling",2022,7,9,2022-07-09 22:47:58,5000,6.9129905932817,1288.542,120,510,16,392
"380","cycling",2022,7,9,2022-07-09 22:57:24,5000,3.03455181603496,565.65,114,510,143,81
"381","cycling",2022,7,9,2022-07-09 22:57:30,104.08,0.997820151851977,3.872,109,510,3,0
"382","cycling",2022,7,10,2022-07-10 04:07:37,5000,11.3895556271478,2122.735,156,510,420,2
"383","cycling",2022,7,10,2022-07-10 04:36:15,4435,9.6103201368445,1715.685,143,510,61,378
"384","cycling",2022,7,10,2022-07-10 15:56:24,3595.98,12.7604203149063,1711.142,139,510,221,16
"385","cycling",2022,7,10,2022-07-10 16:18:42,2472.98,13.9048229662691,1282.223,116,510,0,220
"386","cycling",2022,7,13,2022-07-13 01:19:21,5000,10.2336526142438,1980.007,125,510,42,32
"387","cycling",2022,7,13,2022-07-13 01:25:32,1016.11,9.73943482277887,368.944,134,510,3,10
"388","running",2022,7,15,2022-07-15 00:36:51,2.85,15.9467321652396,1.695,125,0,0,0
"389","cycling",2022,7,15,2022-07-15 21:57:35,4914.85,13.4515564202272,2464.349,136,510,339,27
"390","cycling",2022,7,19,2022-07-19 03:18:04,5000,10.202511792291,1901.631,144,510,219,203
"391","cycling",2022,7,19,2022-07-19 03:48:56,5000,9.93422351923444,1851.967,149,510,206,204
"392","cycling",2022,7,19,2022-07-19 03:55:33,1078.89,6.81290411529921,274.012,136,510,14,22
"393","cycling",2022,7,24,2022-07-24 15:01:13,5000,19.1042759985278,4717.083,117,510,229,216
"394","cycling",2022,7,24,2022-07-24 15:32:18,5000,10.0046264460772,1864.814,135,510,203,214
"395","cycling",2022,7,24,2022-07-24 15:33:08,219.49,5.68512155615367,48.159,118,510,0,18
"396","cycling",2022,7,28,2022-07-28 00:32:22,668.24,7.18713920201849,179.055,108,510,24,9
"397","cycling",2022,7,28,2022-07-28 01:08:52,5000,11.743609239025,2188.984,142,510,211,198
"398","cycling",2022,7,28,2022-07-28 01:58:50,5000,16.0805776390486,2998.075,133,510,341,5
"399","cycling",2022,7,28,2022-07-28 02:30:15,5000,10.1102161711018,1884.512,128,510,101,301
"400","cycling",2022,7,28,2022-07-28 02:57:46,3936.69,11.2368678265325,1649.009,126,510,59,205
"401","cycling",2022,8,1,2022-08-01 21:03:58,5000,14.1992607209809,2647.108,116,510,189,15
"402","cycling",2022,8,1,2022-08-01 21:57:41,5000,17.2936192791315,3223.296,112,510,141,148
"403","cycling",2022,8,1,2022-08-01 22:07:31,1852.62,8.35328667142105,576.975,112,510,4,162
"404","cycling",2022,8,1,2022-08-01 22:57:24,5000,11.487110707466,2141.116,130,510,170,160
"405","cycling",2022,8,1,2022-08-01 23:37:50,5000,13.0142666190844,2426.023,128,510,153,128
"406","cycling",2022,8,1,2022-08-01 23:56:17,5000,4.83809586975703,1106.455,129,510,11,168
"407","cycling",2022,8,2,2022-08-02 00:03:45,3246.51,3.64732166194357,441.481,127,510,0,79
"408","cycling",2022,8,2,2022-08-02 22:05:25,5000,9.92319774396338,1849.456,127,510,218,23
"409","cycling",2022,8,2,2022-08-02 22:53:39,5000,15.5222242488038,2893.137,111,510,155,152
"410","cycling",2022,8,2,2022-08-02 23:18:59,5000,8.15518501122925,1520.439,122,510,82,253
"411","cycling",2022,8,2,2022-08-02 23:46:02,5000,8.70574602464557,1623.04,130,510,151,164
"412","cycling",2022,8,2,2022-08-02 23:47:17,192.92,9.89756586787196,71.198,124,510,3,0
"413","cycling",2022,8,3,2022-08-03 15:22:25,5000,13.7833522620416,2569.499,131,510,272,152
"414","cycling",2022,8,3,2022-08-03 16:00:20,3666.1,16.6288924376522,2273.177,113,510,91,205
"415","cycling",2022,8,4,2022-08-04 23:49:54,5000,10.4938980836984,1956.264,124,510,237,48
"416","cycling",2022,8,5,2022-08-05 00:13:28,5000,7.58337673224003,1413.492,123,510,65,341
"417","cycling",2022,8,5,2022-08-05 00:30:27,2128.95,12.8091707268066,1016.903,122,510,115,49
"418","cycling",2022,8,5,2022-08-05 16:55:50,5000,12.9827703300741,2420.272,124,510,288,120
"419","cycling",2022,8,5,2022-08-05 17:39:34,5000,14.080001838285,2624.409,102,510,107,307
"420","cycling",2022,8,5,2022-08-05 18:02:05,2231.06,16.2068903334943,1348.429,101,510,83,65
"421","cycling",2022,8,6,2022-08-06 15:02:53,5000,13.4448137854301,2506.643,135,510,268,183
"422","cycling",2022,8,6,2022-08-06 15:46:33,5000,14.0578634706148,2619.97,127,510,247,236
"423","cycling",2022,8,6,2022-08-06 15:56:40,1797.29,9.03415409293803,605.343,108,510,0,125
"424","cycling",2022,8,7,2022-08-07 16:55:50,5000,11.9157723242705,2220.794,124,510,226,4
"425","cycling",2022,8,7,2022-08-07 17:12:49,2932.27,9.30364325422581,1016.93,99,510,2,210
"426","cycling",2022,8,7,2022-08-07 17:49:02,5000,9.12947702584513,1701.968,126,510,152,119
"427","cycling",2022,8,7,2022-08-07 18:07:02,5000,5.79442719851653,1080.174,120,510,18,267
"428","cycling",2022,8,7,2022-08-07 18:21:33,5000,4.66801313991176,870.129,114,510,5,125
"429","cycling",2022,8,7,2022-08-07 18:32:27,1407.65,12.4350503022406,652.666,112,510,0,45
"430","cycling",2022,8,9,2022-08-09 23:33:05,5000,11.1157909249619,2072.188,150,510,329,31
"431","cycling",2022,8,10,2022-08-10 00:07:58,5000,11.2227629715201,2092.313,154,510,154,196
"432","cycling",2022,8,10,2022-08-10 00:36:50,5000,9.29397210739189,1732.478,142,510,104,360
"433","cycling",2022,8,10,2022-08-10 00:42:17,1149.12,7.56412958317344,324.084,116,510,18,26
"434","cycling",2022,8,12,2022-08-12 19:36:38,5000,12.4813417877771,2326.576,131,510,233,12
"435","cycling",2022,8,12,2022-08-12 20:02:16,5000,8.253047231364,1538.367,132,510,118,191
"436","cycling",2022,8,12,2022-08-12 20:28:37,2183.7,19.3943626188959,1579.33,134,510,170,5
"437","cycling",2022,8,13,2022-08-13 01:52:27,4706.05,9.60343841816434,1684.843,136,510,116,301
"438","cycling",2022,8,13,2022-08-13 15:46:39,5000,14.6490461507007,2731.127,133,510,280,41
"439","cycling",2022,8,13,2022-08-13 16:28:19,5000,13.4044995012159,2499.263,128,510,229,208
"440","cycling",2022,8,13,2022-08-13 16:57:28,4917.79,9.39488739121997,1722.349,123,510,43,305
"441","cycling",2022,8,13,2022-08-13 19:02:49,5000,10.720385092699,1998.096,116,510,168,19
"442","cycling",2022,8,13,2022-08-13 19:56:21,5000,17.2269772009846,3211.438,109,510,176,220
"443","cycling",2022,8,13,2022-08-13 21:05:13,5000,22.1672756214322,4131.989,109,510,236,132
"444","cycling",2022,8,13,2022-08-13 21:56:18,5000,16.4453730851827,3065.824,108,510,76,198
"445","cycling",2022,8,14,2022-08-14 00:14:08,4057.82,15.4685141302958,2340.066,118,510,156,60
"446","cycling",2022,9,18,2022-09-18 16:21:07,7023.45,11.3366033397857,2968.941,141,510,250,298
"447","running",2022,9,18,2022-09-18 17:30:14,1609.34,14.9262122993506,895.758,119,6,149,0
"448","running",2022,9,18,2022-09-18 17:38:31,1609.34,8.28619199936145,497.137,140,2,54,0
"449","running",2022,9,18,2022-09-18 17:48:29,1609.34,9.95634873865368,597.475,140,12,78,0
"450","running",2022,9,18,2022-09-18 18:02:32,1609.34,14.0504994771781,842.943,136,8,64,3
"451","running",2022,9,18,2022-09-18 18:09:30,1609.34,6.96866809611146,418.083,127,16,10,93
"452","running",2022,9,18,2022-09-18 18:22:43,1609.34,13.2130066511985,792.923,141,10,69,3
"453","running",2022,9,18,2022-09-18 18:36:14,1609.34,13.526174231938,811.493,142,10,61,18
"454","running",2022,9,18,2022-09-18 18:41:13,1609.34,4.98187286440063,298.919,141,24,0,119
"455","running",2022,9,18,2022-09-18 19:00:37,1609.34,19.3943626188959,1163.957,121,4,29,50
"456","running",2022,9,18,2022-09-18 19:11:05,1609.34,10.4652374178435,627.836,157,12,89,0
"457","running",2022,9,18,2022-09-18 19:24:08,1609.34,13.045916100162,782.801,153,10,56,5
"458","running",2022,9,18,2022-09-18 19:45:59,1609.34,21.8601495533276,1311.63,129,14,27,97
"459","running",2022,9,18,2022-09-18 19:56:37,1609.34,10.6185287022696,637.167,133,6,0,156
"460","running",2022,9,18,2022-09-18 20:03:09,506.29,20.6644094776063,390.116,128,2,2,32
"461","running",2022,9,22,2022-09-22 00:07:41,3.26,17.17183322787,2.087,108,0,0,0
"462","cycling",2022,9,24,2022-09-24 23:18:04,8046.72,11.6975157007994,3509.327,132,510,231,200
"463","cycling",2022,9,24,2022-09-24 23:47:32,4312.14,10.9837852178268,1765.789,116,510,23,31
"464","running",2022,10,10,2022-10-10 22:43:26,2.1,27.3697994917684,2.147,132,0,0,0
"465","cycling",2022,10,23,2022-10-23 23:43:03,8046.72,15.1027046745118,4529.996,116,510,262,237
"466","cycling",2022,10,24,2022-10-24 00:01:14,2726.49,10.703273544267,1087.788,111,510,48,76
"467","cycling",2022,10,29,2022-10-29 18:18:00,8046.72,19.282820634028,5785.399,118,510,111,107
"468","cycling",2022,10,29,2022-10-29 18:18:05,67.98,1.13678336520165,2.881,97,510,0,0
"469","cycling",2022,11,13,2022-11-13 23:14:02,8046.72,10.7246715321603,3217.47,108,510,113,69
"470","cycling",2022,11,14,2022-11-14 00:03:26,8046.72,9.87933830642099,2963.969,121,510,88,151
"471","cycling",2022,11,14,2022-11-14 00:03:32,73.53,1.22959583303993,3.371,141,510,0,0
"472","running",2022,11,14,2022-11-14 23:45:35,3.24,19.0500024871683,2.3,149,0,0,0
"473","cycling",2022,11,23,2022-11-23 00:58:08,4568.46,11.0018061943942,1873.73,109,510,83,85
"474","cycling",2022,12,17,2022-12-17 17:29:18,8046.72,13.8976183947839,4168.535,121,510,310,314
"475","cycling",2022,12,17,2022-12-17 17:30:28,119.02,15.1624666489163,67.295,124,510,0,2
"476","cycling",2022,12,28,2022-12-28 23:36:14,8046.72,10.0987964992218,3168.348,112,510,79,71
"477","cycling",2022,12,29,2022-12-29 00:04:07,6145.49,6.74777446589509,1671.052,124,510,85,87
"478","cycling",2023,1,3,2023-01-03 00:29:01,8046.72,14.4985964875314,4349.063,117,510,127,123
"479","cycling",2023,1,3,2023-01-03 00:34:18,755.54,11.1993334037299,315.492,115,510,5,11
"480","cycling",2023,1,7,2023-01-07 17:11:47,8046.72,14.0504994771781,4215.208,142,510,426,284
"481","cycling",2023,1,7,2023-01-07 17:31:18,2429.84,12.9015889860188,1168.601,120,510,20,166
"482","cycling",2023,1,14,2023-01-14 17:38:06,8046.72,9.2714841002188,2781.472,109,510,100,91
"483","cycling",2023,1,14,2023-01-14 18:28:04,8046.72,6.42914753162344,2997.575,128,510,33,27
"484","cycling",2023,1,14,2023-01-14 19:15:51,7328.59,8.01865575543587,2398.14,113,510,57,60
"485","cycling",2023,1,14,2023-01-14 20:53:44,8046.72,16.9333355441496,5417.326,133,510,222,240
"486","cycling",2023,1,14,2023-01-14 21:06:14,2388.92,8.39774686973482,747.854,124,510,37,37
"487","running",2023,2,16,2023-02-16 01:14:07,25.65,21.203481029196,20.279,154,32,0,0
"488","cycling",2023,2,25,2023-02-25 21:53:32,8046.72,15.2313478148399,4568.988,119,510,297,252
"489","cycling",2023,2,25,2023-02-25 22:05:44,2380.39,8.21513124102083,729.012,116,510,48,71
"490","running",2023,2,28,2023-02-28 00:04:09,3.61,17.394554800216,2.341,146,0,0,0
"491","cycling",2023,3,26,2023-03-26 14:42:38,8046.72,11.9210682230813,3865.67,118,510,290,315
"492","cycling",2023,3,26,2023-03-26 15:24:35,5154.69,13.0269079659704,2503.688,121,510,154,129
"493","cycling",2023,4,29,2023-04-29 22:17:31,8046.72,12.3434898766374,4191.631,147,510,476,107
"494","cycling",2023,4,29,2023-04-29 22:47:01,5933.85,7.60919248281787,1767.747,119,510,57,376
"495","cycling",2023,5,6,2023-05-06 23:11:47,8046.72,12.286946175874,3778.479,152,510,497,145
"496","cycling",2023,5,6,2023-05-06 23:32:04,6066.18,5.36770132117931,1214.066,138,510,57,405
"497","cycling",2023,5,7,2023-05-07 14:44:50,8046.72,12.5749664800436,3772.323,141,510,491,39
"498","cycling",2023,5,7,2023-05-07 15:43:58,8046.72,11.8264565705172,3548.613,129,510,285,480
"499","cycling",2023,5,7,2023-05-07 15:56:05,3398.59,5.69961825370442,722.237,142,510,3,264
"500","running",2023,5,9,2023-05-09 22:55:54,5.57,18.4854607180793,3.837,135,36,0,0
"501","cycling",2023,5,13,2023-05-13 21:26:58,8046.72,12.0767237739455,3835.098,159,510,472,120
"502","cycling",2023,5,13,2023-05-13 22:06:41,6831.92,9.33602627982353,2378.35,150,510,91,433
"503","cycling",2023,5,14,2023-05-14 14:40:59,8046.72,12.0604332292864,4047.363,148,510,481,140
"504","cycling",2023,5,14,2023-05-14 15:16:28,7077.22,8.05719540460589,2125.811,136,510,91,426
"505","cycling",2023,5,16,2023-05-16 00:37:05,8046.72,7.04184917351877,2112.461,126,510,188,188
"506","cycling",2023,5,16,2023-05-16 00:58:28,6878.98,4.99486098732458,1280.964,133,510,67,69
"507","cycling",2023,5,21,2023-05-21 19:22:57,2502.35,6.2698465408913,584.953,111,510,30,116
"508","cycling",2023,5,21,2023-05-21 19:28:24,822.84,10.6480363247054,326.69,143,510,59,55
"509","cycling",2023,5,21,2023-05-21 19:33:52,810.31,10.8901354047637,328.933,158,510,59,60
"510","cycling",2023,5,21,2023-05-21 19:39:36,781.66,11.784887303134,343.458,161,510,53,50
"511","cycling",2023,5,21,2023-05-21 19:45:01,820.6,10.6311547768264,325.248,160,510,56,60
"512","cycling",2023,5,21,2023-05-21 19:50:42,769.89,11.8788323746382,340.955,158,510,58,55
"513","cycling",2023,5,21,2023-05-21 19:57:10,776.31,11.9263688314509,388.293,155,510,56,55
"514","cycling",2023,5,21,2023-05-21 20:02:55,761.86,12.1368341637706,344.786,154,510,52,53
"515","cycling",2023,5,21,2023-05-21 20:08:58,794.55,12.2476728319329,362.843,154,510,57,59
"516","cycling",2023,5,21,2023-05-21 20:14:57,772.31,12.4523693138036,358.486,155,510,55,52
"517","cycling",2023,5,21,2023-05-21 20:20:00,369.31,22.0216777519975,303.252,156,510,55,3
"518","cycling",2023,5,21,2023-05-21 20:51:35,5374.19,9.40147336205152,1883.711,136,510,157,125
"519","cycling",2023,5,23,2023-05-23 18:06:39,8046.72,4.69497698265937,1476.933,119,510,3,4
"520","cycling",2023,5,23,2023-05-23 18:39:16,8046.72,5.0790387240926,1957.129,119,510,14,12
"521","cycling",2023,5,23,2023-05-23 19:07:18,8046.72,5.0484478640943,1682.39,119,510,15,12
"522","cycling",2023,5,23,2023-05-23 19:31:19,8046.72,4.49663093075155,1440.602,125,510,7,5
"523","cycling",2023,5,23,2023-05-23 19:51:50,6464.32,4.58345924503298,1228.648,129,510,4,2
"524","cycling",2023,5,28,2023-05-28 15:17:09,7385.1,13.8760494060698,3820.412,123,510,208,204
"525","cycling",2023,6,4,2023-06-04 02:18:54,8046.72,12.9953505338823,4685.807,148,510,477,237
"526","cycling",2023,6,4,2023-06-04 02:55:05,8046.72,7.23756165729439,2171.008,128,510,103,272
"527","cycling",2023,6,4,2023-06-04 03:01:56,1320.4,8.29131483831005,408.136,132,510,18,23
"528","cycling",2023,6,11,2023-06-11 15:54:31,8046.72,15.0097389490392,5869.813,126,510,467,211
"529","cycling",2023,6,11,2023-06-11 16:30:11,5159.35,10.9882849250033,2113.814,113,510,39,299
"530","cycling",2023,6,18,2023-06-18 21:18:07,2936.96,7.35263253890707,886.113,111,510,67,174
"531","cycling",2023,6,18,2023-06-18 21:24:09,816.05,11.8946356993051,361.961,143,510,57,57
"532","cycling",2023,6,18,2023-06-18 21:29:56,821.28,11.3461943747602,347.403,155,510,60,54
"533","cycling",2023,6,18,2023-06-18 21:36:34,820.15,11.8893632544029,397.584,155,510,57,61
"534","cycling",2023,6,18,2023-06-18 21:42:44,816.04,12.1533318993806,369.788,153,510,57,59
"535","cycling",2023,6,18,2023-06-18 21:48:58,817.06,12.2756995432188,373.992,159,510,61,58
"536","cycling",2023,6,18,2023-06-18 21:55:01,851.17,11.438125160739,363.032,163,510,57,52
"537","cycling",2023,6,18,2023-06-18 22:01:10,823.13,11.9849881599343,367.85,157,510,53,52
"538","cycling",2023,6,18,2023-06-18 22:07:39,811.79,12.8644621112389,389.275,154,510,58,61
"539","cycling",2023,6,18,2023-06-18 22:12:16,410.95,18.0500696513681,276.568,155,510,51,0
"540","cycling",2023,6,18,2023-06-18 22:43:58,4810.87,9.93054553940504,1881.506,127,510,159,133
"541","cycling",2023,6,23,2023-06-23 00:38:15,8046.72,6.96685805245013,2131.97,137,510,178,179
"542","cycling",2023,6,23,2023-06-23 01:07:24,7029.77,6.66395118060447,1746.361,142,510,85,84
